dataset,model,perturbation,param_value,auroc_baseline,auroc_ood,delta_auroc,p_value,significant
abundance_WT2D,ContextTab,densification,0.133,0.7745,0.7231,0.0513,0.1154,False
abundance_WT2D,ContextTab,densification,0.255,0.7745,0.738,0.0364,0.2744,False
abundance_WT2D,ContextTab,densification,0.378,0.7745,0.7486,0.0259,0.3781,False
abundance_WT2D,ContextTab,densification,0.501,0.7745,0.7416,0.0329,0.2355,False
abundance_WT2D,ContextTab,densification,0.623,0.7745,0.7681,0.0064,0.7673,False
abundance_WT2D,ContextTab,remove_features,k=1 / highest_abundance,0.7745,0.7771,-0.0026,0.4277,False
abundance_WT2D,ContextTab,remove_features,k=106 / highest_abundance,0.7745,0.7696,0.0048,0.8891,False
abundance_WT2D,ContextTab,remove_features,k=127 / highest_abundance,0.7745,0.7821,-0.0077,0.8174,False
abundance_WT2D,ContextTab,remove_features,k=148 / highest_abundance,0.7745,0.7705,0.0039,0.9097,False
abundance_WT2D,ContextTab,remove_features,k=169 / highest_abundance,0.7745,0.7764,-0.002,0.9585,False
abundance_WT2D,ContextTab,remove_features,k=190 / highest_abundance,0.7745,0.7971,-0.0226,0.5559,False
abundance_WT2D,ContextTab,remove_features,k=22 / highest_abundance,0.7745,0.7731,0.0013,0.9483,False
abundance_WT2D,ContextTab,remove_features,k=43 / highest_abundance,0.7745,0.7499,0.0246,0.4171,False
abundance_WT2D,ContextTab,remove_features,k=64 / highest_abundance,0.7745,0.7635,0.011,0.7251,False
abundance_WT2D,ContextTab,remove_features,k=85 / highest_abundance,0.7745,0.7758,-0.0013,0.9694,False
abundance_WT2D,ContextTab,sparsity,0.787,0.7745,0.7534,0.0211,0.2321,False
abundance_WT2D,ContextTab,sparsity,0.827,0.7745,0.7536,0.0208,0.385,False
abundance_WT2D,ContextTab,sparsity,0.868,0.7745,0.7565,0.018,0.6157,False
abundance_WT2D,ContextTab,sparsity,0.909,0.7745,0.7699,0.0046,0.913,False
abundance_WT2D,ContextTab,sparsity,0.949,0.7745,0.7778,-0.0033,0.9417,False
abundance_WT2D,RF,densification,0.133,0.6591,0.5022,0.1569,0.0034,True
abundance_WT2D,RF,densification,0.255,0.6591,0.6283,0.0307,0.523,False
abundance_WT2D,RF,densification,0.378,0.6591,0.5858,0.0733,0.1432,False
abundance_WT2D,RF,densification,0.501,0.6591,0.6481,0.011,0.7698,False
abundance_WT2D,RF,densification,0.623,0.6591,0.6466,0.0125,0.6437,False
abundance_WT2D,RF,remove_features,k=1 / highest_abundance,0.6591,0.7106,-0.0516,0.1371,False
abundance_WT2D,RF,remove_features,k=106 / highest_abundance,0.6591,0.715,-0.0559,0.2925,False
abundance_WT2D,RF,remove_features,k=127 / highest_abundance,0.6591,0.7602,-0.1011,0.0439,True
abundance_WT2D,RF,remove_features,k=148 / highest_abundance,0.6591,0.7312,-0.0722,0.1462,False
abundance_WT2D,RF,remove_features,k=169 / highest_abundance,0.6591,0.7277,-0.0687,0.1899,False
abundance_WT2D,RF,remove_features,k=190 / highest_abundance,0.6591,0.7672,-0.1082,0.052,False
abundance_WT2D,RF,remove_features,k=22 / highest_abundance,0.6591,0.7694,-0.1104,0.0128,True
abundance_WT2D,RF,remove_features,k=43 / highest_abundance,0.6591,0.708,-0.0489,0.2705,False
abundance_WT2D,RF,remove_features,k=64 / highest_abundance,0.6591,0.7207,-0.0616,0.2092,False
abundance_WT2D,RF,remove_features,k=85 / highest_abundance,0.6591,0.7198,-0.0608,0.2366,False
abundance_WT2D,RF,sparsity,0.787,0.6591,0.6744,-0.0154,0.6206,False
abundance_WT2D,RF,sparsity,0.827,0.6591,0.7143,-0.0553,0.1839,False
abundance_WT2D,RF,sparsity,0.868,0.6591,0.7323,-0.0733,0.1454,False
abundance_WT2D,RF,sparsity,0.909,0.6591,0.7378,-0.0788,0.1135,False
abundance_WT2D,RF,sparsity,0.949,0.6591,0.7714,-0.1123,0.0234,True
abundance_WT2D,TabDPT,densification,0.133,0.557,0.4989,0.0581,0.5231,False
abundance_WT2D,TabDPT,densification,0.255,0.557,0.5344,0.0226,0.7885,False
abundance_WT2D,TabDPT,densification,0.378,0.557,0.5331,0.0239,0.7707,False
abundance_WT2D,TabDPT,densification,0.501,0.557,0.4884,0.0687,0.361,False
abundance_WT2D,TabDPT,densification,0.623,0.557,0.5638,-0.0068,0.9259,False
abundance_WT2D,TabDPT,remove_features,k=1 / highest_abundance,0.5441,0.5432,0.0009,0.9693,False
abundance_WT2D,TabDPT,remove_features,k=106 / highest_abundance,0.5441,0.5722,-0.0281,0.7236,False
abundance_WT2D,TabDPT,remove_features,k=127 / highest_abundance,0.5441,0.5695,-0.0254,0.7194,False
abundance_WT2D,TabDPT,remove_features,k=148 / highest_abundance,0.5441,0.6068,-0.0627,0.4378,False
abundance_WT2D,TabDPT,remove_features,k=169 / highest_abundance,0.5441,0.5722,-0.0281,0.721,False
abundance_WT2D,TabDPT,remove_features,k=190 / highest_abundance,0.5441,0.5902,-0.0461,0.5604,False
abundance_WT2D,TabDPT,remove_features,k=22 / highest_abundance,0.5441,0.6064,-0.0623,0.308,False
abundance_WT2D,TabDPT,remove_features,k=43 / highest_abundance,0.5441,0.6349,-0.0908,0.1687,False
abundance_WT2D,TabDPT,remove_features,k=64 / highest_abundance,0.5441,0.6305,-0.0864,0.2259,False
abundance_WT2D,TabDPT,remove_features,k=85 / highest_abundance,0.5441,0.6402,-0.0961,0.2215,False
abundance_WT2D,TabDPT,sparsity,0.787,0.557,0.6604,-0.1033,0.0476,True
abundance_WT2D,TabDPT,sparsity,0.827,0.557,0.6599,-0.1029,0.1053,False
abundance_WT2D,TabDPT,sparsity,0.868,0.557,0.7398,-0.1828,0.0038,True
abundance_WT2D,TabDPT,sparsity,0.909,0.557,0.7538,-0.1968,0.0034,True
abundance_WT2D,TabDPT,sparsity,0.949,0.557,0.728,-0.1709,0.0203,True
abundance_WT2D,TabICL,densification,0.133,0.7977,0.6029,0.1948,0.0065,True
abundance_WT2D,TabICL,densification,0.255,0.7977,0.6161,0.1817,0.0101,True
abundance_WT2D,TabICL,densification,0.378,0.7977,0.6621,0.1356,0.0426,True
abundance_WT2D,TabICL,densification,0.501,0.7977,0.6639,0.1338,0.0289,True
abundance_WT2D,TabICL,densification,0.623,0.7977,0.7205,0.0772,0.0853,False
abundance_WT2D,TabICL,remove_features,k=1 / highest_abundance,0.7977,0.8096,-0.0118,0.4256,False
abundance_WT2D,TabICL,remove_features,k=106 / highest_abundance,0.7977,0.738,0.0597,0.1524,False
abundance_WT2D,TabICL,remove_features,k=127 / highest_abundance,0.7977,0.7714,0.0263,0.5165,False
abundance_WT2D,TabICL,remove_features,k=148 / highest_abundance,0.7977,0.7679,0.0298,0.4885,False
abundance_WT2D,TabICL,remove_features,k=169 / highest_abundance,0.7977,0.7727,0.025,0.5773,False
abundance_WT2D,TabICL,remove_features,k=190 / highest_abundance,0.7977,0.8039,-0.0061,0.8732,False
abundance_WT2D,TabICL,remove_features,k=22 / highest_abundance,0.7977,0.7508,0.047,0.1335,False
abundance_WT2D,TabICL,remove_features,k=43 / highest_abundance,0.7977,0.7437,0.054,0.1073,False
abundance_WT2D,TabICL,remove_features,k=64 / highest_abundance,0.7977,0.7938,0.0039,0.9065,False
abundance_WT2D,TabICL,remove_features,k=85 / highest_abundance,0.7977,0.7723,0.0254,0.4715,False
abundance_WT2D,TabICL,sparsity,0.787,0.7977,0.7275,0.0702,0.051,False
abundance_WT2D,TabICL,sparsity,0.827,0.7977,0.7157,0.0821,0.0642,False
abundance_WT2D,TabICL,sparsity,0.868,0.7977,0.7477,0.05,0.25,False
abundance_WT2D,TabICL,sparsity,0.909,0.7977,0.6977,0.1,0.049,True
abundance_WT2D,TabICL,sparsity,0.949,0.7977,0.7174,0.0803,0.123,False
abundance_WT2D,TabPFN,densification,0.133,0.7183,0.688,0.0303,0.3991,False
abundance_WT2D,TabPFN,densification,0.255,0.7183,0.7328,-0.0145,0.6902,False
abundance_WT2D,TabPFN,densification,0.378,0.7183,0.7183,0.0,1.0,False
abundance_WT2D,TabPFN,densification,0.501,0.7183,0.7218,-0.0035,0.8995,False
abundance_WT2D,TabPFN,densification,0.623,0.7183,0.7148,0.0035,0.8596,False
abundance_WT2D,TabPFN,remove_features,k=1 / highest_abundance,0.7183,0.724,-0.0057,0.5753,False
abundance_WT2D,TabPFN,remove_features,k=106 / highest_abundance,0.7183,0.7481,-0.0298,0.5432,False
abundance_WT2D,TabPFN,remove_features,k=127 / highest_abundance,0.7183,0.7872,-0.0689,0.1277,False
abundance_WT2D,TabPFN,remove_features,k=148 / highest_abundance,0.7183,0.7767,-0.0584,0.2222,False
abundance_WT2D,TabPFN,remove_features,k=169 / highest_abundance,0.7183,0.7854,-0.0671,0.193,False
abundance_WT2D,TabPFN,remove_features,k=190 / highest_abundance,0.7183,0.7977,-0.0794,0.134,False
abundance_WT2D,TabPFN,remove_features,k=22 / highest_abundance,0.7183,0.7222,-0.0039,0.9288,False
abundance_WT2D,TabPFN,remove_features,k=43 / highest_abundance,0.7183,0.7385,-0.0202,0.686,False
abundance_WT2D,TabPFN,remove_features,k=64 / highest_abundance,0.7183,0.756,-0.0377,0.462,False
abundance_WT2D,TabPFN,remove_features,k=85 / highest_abundance,0.7183,0.7508,-0.0325,0.533,False
abundance_WT2D,TabPFN,sparsity,0.787,0.7183,0.7249,-0.0066,0.8399,False
abundance_WT2D,TabPFN,sparsity,0.827,0.7183,0.7117,0.0066,0.8909,False
abundance_WT2D,TabPFN,sparsity,0.868,0.7183,0.7135,0.0048,0.9273,False
abundance_WT2D,TabPFN,sparsity,0.909,0.7183,0.7161,0.0022,0.9699,False
abundance_WT2D,TabPFN,sparsity,0.949,0.7183,0.7143,0.0039,0.9475,False
abundance_WT2D,XGBoost,densification,0.133,0.6863,0.5739,0.1123,0.0177,True
abundance_WT2D,XGBoost,densification,0.255,0.6863,0.5946,0.0917,0.0572,False
abundance_WT2D,XGBoost,densification,0.378,0.6863,0.6183,0.068,0.1373,False
abundance_WT2D,XGBoost,densification,0.501,0.6863,0.5928,0.0935,0.013,True
abundance_WT2D,XGBoost,densification,0.623,0.6863,0.6349,0.0513,0.0479,True
abundance_WT2D,XGBoost,remove_features,k=1 / highest_abundance,0.6863,0.6986,-0.0123,0.4438,False
abundance_WT2D,XGBoost,remove_features,k=106 / highest_abundance,0.6863,0.7179,-0.0316,0.5501,False
abundance_WT2D,XGBoost,remove_features,k=127 / highest_abundance,0.6863,0.7104,-0.0241,0.6584,False
abundance_WT2D,XGBoost,remove_features,k=148 / highest_abundance,0.6863,0.7587,-0.0724,0.184,False
abundance_WT2D,XGBoost,remove_features,k=169 / highest_abundance,0.6863,0.8021,-0.1158,0.0375,True
abundance_WT2D,XGBoost,remove_features,k=190 / highest_abundance,0.6863,0.7938,-0.1075,0.072,False
abundance_WT2D,XGBoost,remove_features,k=22 / highest_abundance,0.6863,0.753,-0.0667,0.055,False
abundance_WT2D,XGBoost,remove_features,k=43 / highest_abundance,0.6863,0.7345,-0.0483,0.3316,False
abundance_WT2D,XGBoost,remove_features,k=64 / highest_abundance,0.6863,0.7473,-0.061,0.2148,False
abundance_WT2D,XGBoost,remove_features,k=85 / highest_abundance,0.6863,0.7358,-0.0496,0.3316,False
abundance_WT2D,XGBoost,sparsity,0.787,0.6863,0.688,-0.0018,0.9618,False
abundance_WT2D,XGBoost,sparsity,0.827,0.6863,0.6924,-0.0061,0.8808,False
abundance_WT2D,XGBoost,sparsity,0.868,0.6863,0.6771,0.0092,0.8591,False
abundance_WT2D,XGBoost,sparsity,0.909,0.6863,0.6928,-0.0066,0.9028,False
abundance_WT2D,XGBoost,sparsity,0.949,0.6863,0.7172,-0.0309,0.5692,False
abundance_cirrhosis--stagediscovery,ContextTab,densification,0.138,0.9321,0.9243,0.0079,0.4795,False
abundance_cirrhosis--stagediscovery,ContextTab,densification,0.266,0.9321,0.9279,0.0042,0.7203,False
abundance_cirrhosis--stagediscovery,ContextTab,densification,0.393,0.9321,0.9264,0.0057,0.5974,False
abundance_cirrhosis--stagediscovery,ContextTab,densification,0.521,0.9321,0.9376,-0.0055,0.577,False
abundance_cirrhosis--stagediscovery,ContextTab,densification,0.649,0.9321,0.933,-0.0008,0.9203,False
abundance_cirrhosis--stagediscovery,ContextTab,remove_features,k=1 / highest_abundance,0.9321,0.9327,-0.0005,0.6138,False
abundance_cirrhosis--stagediscovery,ContextTab,remove_features,k=116 / highest_abundance,0.9321,0.9359,-0.0037,0.684,False
abundance_cirrhosis--stagediscovery,ContextTab,remove_features,k=144 / highest_abundance,0.9321,0.9366,-0.0044,0.6501,False
abundance_cirrhosis--stagediscovery,ContextTab,remove_features,k=173 / highest_abundance,0.9321,0.9339,-0.0018,0.8601,False
abundance_cirrhosis--stagediscovery,ContextTab,remove_features,k=202 / highest_abundance,0.9321,0.9365,-0.0044,0.6574,False
abundance_cirrhosis--stagediscovery,ContextTab,remove_features,k=231 / highest_abundance,0.9321,0.9391,-0.0069,0.4888,False
abundance_cirrhosis--stagediscovery,ContextTab,remove_features,k=260 / highest_abundance,0.9321,0.9367,-0.0045,0.6556,False
abundance_cirrhosis--stagediscovery,ContextTab,remove_features,k=29 / highest_abundance,0.9321,0.9355,-0.0034,0.6067,False
abundance_cirrhosis--stagediscovery,ContextTab,remove_features,k=58 / highest_abundance,0.9321,0.9377,-0.0055,0.4799,False
abundance_cirrhosis--stagediscovery,ContextTab,remove_features,k=87 / highest_abundance,0.9321,0.9347,-0.0026,0.7693,False
abundance_cirrhosis--stagediscovery,ContextTab,sparsity,0.812,0.9321,0.9373,-0.0051,0.5159,False
abundance_cirrhosis--stagediscovery,ContextTab,sparsity,0.848,0.9321,0.9377,-0.0056,0.5697,False
abundance_cirrhosis--stagediscovery,ContextTab,sparsity,0.883,0.9321,0.9403,-0.0081,0.4212,False
abundance_cirrhosis--stagediscovery,ContextTab,sparsity,0.919,0.9321,0.9399,-0.0078,0.4747,False
abundance_cirrhosis--stagediscovery,ContextTab,sparsity,0.954,0.9321,0.9401,-0.0079,0.4538,False
abundance_cirrhosis--stagediscovery,RF,densification,0.138,0.9325,0.9115,0.021,0.1299,False
abundance_cirrhosis--stagediscovery,RF,densification,0.266,0.9325,0.9229,0.0096,0.3543,False
abundance_cirrhosis--stagediscovery,RF,densification,0.393,0.9325,0.928,0.0046,0.487,False
abundance_cirrhosis--stagediscovery,RF,densification,0.521,0.9325,0.9292,0.0033,0.7114,False
abundance_cirrhosis--stagediscovery,RF,densification,0.649,0.9325,0.9429,-0.0104,0.1465,False
abundance_cirrhosis--stagediscovery,RF,remove_features,k=1 / highest_abundance,0.9325,0.9295,0.003,0.6326,False
abundance_cirrhosis--stagediscovery,RF,remove_features,k=116 / highest_abundance,0.9325,0.9341,-0.0016,0.8637,False
abundance_cirrhosis--stagediscovery,RF,remove_features,k=144 / highest_abundance,0.9325,0.9382,-0.0057,0.5632,False
abundance_cirrhosis--stagediscovery,RF,remove_features,k=173 / highest_abundance,0.9325,0.9257,0.0068,0.4753,False
abundance_cirrhosis--stagediscovery,RF,remove_features,k=202 / highest_abundance,0.9325,0.9329,-0.0004,0.9652,False
abundance_cirrhosis--stagediscovery,RF,remove_features,k=231 / highest_abundance,0.9325,0.9364,-0.0039,0.6844,False
abundance_cirrhosis--stagediscovery,RF,remove_features,k=260 / highest_abundance,0.9325,0.9313,0.0012,0.8934,False
abundance_cirrhosis--stagediscovery,RF,remove_features,k=29 / highest_abundance,0.9325,0.9376,-0.0051,0.4913,False
abundance_cirrhosis--stagediscovery,RF,remove_features,k=58 / highest_abundance,0.9325,0.9299,0.0027,0.7394,False
abundance_cirrhosis--stagediscovery,RF,remove_features,k=87 / highest_abundance,0.9325,0.9381,-0.0056,0.5261,False
abundance_cirrhosis--stagediscovery,RF,sparsity,0.812,0.9325,0.9303,0.0022,0.6862,False
abundance_cirrhosis--stagediscovery,RF,sparsity,0.848,0.9325,0.9285,0.004,0.5182,False
abundance_cirrhosis--stagediscovery,RF,sparsity,0.883,0.9325,0.9295,0.003,0.673,False
abundance_cirrhosis--stagediscovery,RF,sparsity,0.919,0.9325,0.9328,-0.0003,0.976,False
abundance_cirrhosis--stagediscovery,RF,sparsity,0.954,0.9325,0.9275,0.0051,0.6169,False
abundance_cirrhosis--stagediscovery,TabDPT,densification,0.138,0.8799,0.5899,0.29,0.0,True
abundance_cirrhosis--stagediscovery,TabDPT,densification,0.266,0.8799,0.5635,0.3164,0.0,True
abundance_cirrhosis--stagediscovery,TabDPT,densification,0.393,0.8799,0.5702,0.3097,0.0,True
abundance_cirrhosis--stagediscovery,TabDPT,densification,0.521,0.8799,0.6123,0.2676,0.0,True
abundance_cirrhosis--stagediscovery,TabDPT,densification,0.649,0.8799,0.6122,0.2677,0.0,True
abundance_cirrhosis--stagediscovery,TabDPT,remove_features,k=1 / highest_abundance,0.8911,0.8918,-0.0008,0.9344,False
abundance_cirrhosis--stagediscovery,TabDPT,remove_features,k=116 / highest_abundance,0.8911,0.8804,0.0107,0.6545,False
abundance_cirrhosis--stagediscovery,TabDPT,remove_features,k=144 / highest_abundance,0.8911,0.8822,0.0089,0.714,False
abundance_cirrhosis--stagediscovery,TabDPT,remove_features,k=173 / highest_abundance,0.8911,0.889,0.002,0.9322,False
abundance_cirrhosis--stagediscovery,TabDPT,remove_features,k=202 / highest_abundance,0.8911,0.8779,0.0132,0.5789,False
abundance_cirrhosis--stagediscovery,TabDPT,remove_features,k=231 / highest_abundance,0.8911,0.8713,0.0198,0.4263,False
abundance_cirrhosis--stagediscovery,TabDPT,remove_features,k=260 / highest_abundance,0.8911,0.8544,0.0367,0.1993,False
abundance_cirrhosis--stagediscovery,TabDPT,remove_features,k=29 / highest_abundance,0.8911,0.8865,0.0046,0.7555,False
abundance_cirrhosis--stagediscovery,TabDPT,remove_features,k=58 / highest_abundance,0.8911,0.8727,0.0184,0.3498,False
abundance_cirrhosis--stagediscovery,TabDPT,remove_features,k=87 / highest_abundance,0.8911,0.8827,0.0084,0.6891,False
abundance_cirrhosis--stagediscovery,TabDPT,sparsity,0.812,0.8799,0.9094,-0.0295,0.0978,False
abundance_cirrhosis--stagediscovery,TabDPT,sparsity,0.848,0.8799,0.9248,-0.0449,0.0377,True
abundance_cirrhosis--stagediscovery,TabDPT,sparsity,0.883,0.8799,0.9201,-0.0402,0.0722,False
abundance_cirrhosis--stagediscovery,TabDPT,sparsity,0.919,0.8799,0.916,-0.0361,0.0979,False
abundance_cirrhosis--stagediscovery,TabDPT,sparsity,0.954,0.8799,0.8886,-0.0088,0.7246,False
abundance_cirrhosis--stagediscovery,TabICL,densification,0.138,0.939,0.9169,0.0221,0.1126,False
abundance_cirrhosis--stagediscovery,TabICL,densification,0.266,0.939,0.9304,0.0086,0.4792,False
abundance_cirrhosis--stagediscovery,TabICL,densification,0.393,0.939,0.9316,0.0074,0.4931,False
abundance_cirrhosis--stagediscovery,TabICL,densification,0.521,0.939,0.9281,0.0109,0.2901,False
abundance_cirrhosis--stagediscovery,TabICL,densification,0.649,0.939,0.9348,0.0042,0.6962,False
abundance_cirrhosis--stagediscovery,TabICL,remove_features,k=1 / highest_abundance,0.939,0.9406,-0.0016,0.5679,False
abundance_cirrhosis--stagediscovery,TabICL,remove_features,k=116 / highest_abundance,0.939,0.9373,0.0016,0.8752,False
abundance_cirrhosis--stagediscovery,TabICL,remove_features,k=144 / highest_abundance,0.939,0.9373,0.0016,0.8777,False
abundance_cirrhosis--stagediscovery,TabICL,remove_features,k=173 / highest_abundance,0.939,0.941,-0.002,0.8508,False
abundance_cirrhosis--stagediscovery,TabICL,remove_features,k=202 / highest_abundance,0.939,0.9456,-0.0066,0.5417,False
abundance_cirrhosis--stagediscovery,TabICL,remove_features,k=231 / highest_abundance,0.939,0.9446,-0.0056,0.5811,False
abundance_cirrhosis--stagediscovery,TabICL,remove_features,k=260 / highest_abundance,0.939,0.9445,-0.0055,0.5954,False
abundance_cirrhosis--stagediscovery,TabICL,remove_features,k=29 / highest_abundance,0.939,0.9471,-0.0081,0.2566,False
abundance_cirrhosis--stagediscovery,TabICL,remove_features,k=58 / highest_abundance,0.939,0.9415,-0.0025,0.7755,False
abundance_cirrhosis--stagediscovery,TabICL,remove_features,k=87 / highest_abundance,0.939,0.9412,-0.0022,0.8302,False
abundance_cirrhosis--stagediscovery,TabICL,sparsity,0.812,0.939,0.9513,-0.0123,0.0954,False
abundance_cirrhosis--stagediscovery,TabICL,sparsity,0.848,0.939,0.9522,-0.0132,0.1468,False
abundance_cirrhosis--stagediscovery,TabICL,sparsity,0.883,0.939,0.948,-0.009,0.3815,False
abundance_cirrhosis--stagediscovery,TabICL,sparsity,0.919,0.939,0.9436,-0.0046,0.6856,False
abundance_cirrhosis--stagediscovery,TabICL,sparsity,0.954,0.939,0.9385,0.0005,0.9656,False
abundance_cirrhosis--stagediscovery,TabPFN,densification,0.138,0.9249,0.8911,0.0339,0.0498,True
abundance_cirrhosis--stagediscovery,TabPFN,densification,0.266,0.9249,0.9176,0.0074,0.5889,False
abundance_cirrhosis--stagediscovery,TabPFN,densification,0.393,0.9249,0.9218,0.0032,0.7777,False
abundance_cirrhosis--stagediscovery,TabPFN,densification,0.521,0.9249,0.9315,-0.0066,0.4178,False
abundance_cirrhosis--stagediscovery,TabPFN,densification,0.649,0.9249,0.9315,-0.0066,0.3383,False
abundance_cirrhosis--stagediscovery,TabPFN,remove_features,k=1 / highest_abundance,0.9249,0.9218,0.0032,0.3794,False
abundance_cirrhosis--stagediscovery,TabPFN,remove_features,k=116 / highest_abundance,0.9249,0.9385,-0.0136,0.2646,False
abundance_cirrhosis--stagediscovery,TabPFN,remove_features,k=144 / highest_abundance,0.9249,0.9375,-0.0126,0.3292,False
abundance_cirrhosis--stagediscovery,TabPFN,remove_features,k=173 / highest_abundance,0.9249,0.9339,-0.009,0.5044,False
abundance_cirrhosis--stagediscovery,TabPFN,remove_features,k=202 / highest_abundance,0.9249,0.9371,-0.0122,0.3981,False
abundance_cirrhosis--stagediscovery,TabPFN,remove_features,k=231 / highest_abundance,0.9249,0.9423,-0.0174,0.2167,False
abundance_cirrhosis--stagediscovery,TabPFN,remove_features,k=260 / highest_abundance,0.9249,0.9396,-0.0147,0.326,False
abundance_cirrhosis--stagediscovery,TabPFN,remove_features,k=29 / highest_abundance,0.9249,0.931,-0.0061,0.5114,False
abundance_cirrhosis--stagediscovery,TabPFN,remove_features,k=58 / highest_abundance,0.9249,0.933,-0.0081,0.4371,False
abundance_cirrhosis--stagediscovery,TabPFN,remove_features,k=87 / highest_abundance,0.9249,0.9408,-0.0159,0.173,False
abundance_cirrhosis--stagediscovery,TabPFN,sparsity,0.812,0.9249,0.9302,-0.0053,0.512,False
abundance_cirrhosis--stagediscovery,TabPFN,sparsity,0.848,0.9249,0.9277,-0.0028,0.7656,False
abundance_cirrhosis--stagediscovery,TabPFN,sparsity,0.883,0.9249,0.9205,0.0044,0.6853,False
abundance_cirrhosis--stagediscovery,TabPFN,sparsity,0.919,0.9249,0.92,0.0049,0.6855,False
abundance_cirrhosis--stagediscovery,TabPFN,sparsity,0.954,0.9249,0.92,0.0049,0.7134,False
abundance_cirrhosis--stagediscovery,XGBoost,densification,0.138,0.9233,0.9027,0.0205,0.078,False
abundance_cirrhosis--stagediscovery,XGBoost,densification,0.266,0.9233,0.9254,-0.0022,0.8213,False
abundance_cirrhosis--stagediscovery,XGBoost,densification,0.393,0.9233,0.9111,0.0122,0.2294,False
abundance_cirrhosis--stagediscovery,XGBoost,densification,0.521,0.9233,0.9122,0.011,0.1368,False
abundance_cirrhosis--stagediscovery,XGBoost,densification,0.649,0.9233,0.9218,0.0015,0.8263,False
abundance_cirrhosis--stagediscovery,XGBoost,remove_features,k=1 / highest_abundance,0.9233,0.9238,-0.0005,0.8471,False
abundance_cirrhosis--stagediscovery,XGBoost,remove_features,k=116 / highest_abundance,0.9233,0.8971,0.0261,0.1095,False
abundance_cirrhosis--stagediscovery,XGBoost,remove_features,k=144 / highest_abundance,0.9233,0.9053,0.018,0.2434,False
abundance_cirrhosis--stagediscovery,XGBoost,remove_features,k=173 / highest_abundance,0.9233,0.9117,0.0115,0.4478,False
abundance_cirrhosis--stagediscovery,XGBoost,remove_features,k=202 / highest_abundance,0.9233,0.9044,0.0189,0.2654,False
abundance_cirrhosis--stagediscovery,XGBoost,remove_features,k=231 / highest_abundance,0.9233,0.8994,0.0238,0.171,False
abundance_cirrhosis--stagediscovery,XGBoost,remove_features,k=260 / highest_abundance,0.9233,0.9025,0.0208,0.15,False
abundance_cirrhosis--stagediscovery,XGBoost,remove_features,k=29 / highest_abundance,0.9233,0.9148,0.0085,0.4694,False
abundance_cirrhosis--stagediscovery,XGBoost,remove_features,k=58 / highest_abundance,0.9233,0.9166,0.0067,0.5523,False
abundance_cirrhosis--stagediscovery,XGBoost,remove_features,k=87 / highest_abundance,0.9233,0.9087,0.0146,0.3411,False
abundance_cirrhosis--stagediscovery,XGBoost,sparsity,0.812,0.9233,0.9093,0.014,0.1381,False
abundance_cirrhosis--stagediscovery,XGBoost,sparsity,0.848,0.9233,0.901,0.0223,0.0877,False
abundance_cirrhosis--stagediscovery,XGBoost,sparsity,0.883,0.9233,0.887,0.0363,0.0128,True
abundance_cirrhosis--stagediscovery,XGBoost,sparsity,0.919,0.9233,0.8895,0.0337,0.0319,True
abundance_cirrhosis--stagediscovery,XGBoost,sparsity,0.954,0.9233,0.8921,0.0312,0.039,True
abundance_cirrhosis--stagevalidation,ContextTab,densification,0.135,0.9278,0.8682,0.0596,0.2199,False
abundance_cirrhosis--stagevalidation,ContextTab,densification,0.26,0.9278,0.9081,0.0196,0.5796,False
abundance_cirrhosis--stagevalidation,ContextTab,densification,0.384,0.9278,0.9278,0.0,1.0,False
abundance_cirrhosis--stagevalidation,ContextTab,densification,0.509,0.9278,0.9628,-0.0351,0.2486,False
abundance_cirrhosis--stagevalidation,ContextTab,densification,0.634,0.9278,0.9341,-0.0063,0.8137,False
abundance_cirrhosis--stagevalidation,ContextTab,remove_features,k=1 / highest_abundance,0.9278,0.9257,0.0021,0.5987,False
abundance_cirrhosis--stagevalidation,ContextTab,remove_features,k=109 / highest_abundance,0.9278,0.8633,0.0645,0.086,False
abundance_cirrhosis--stagevalidation,ContextTab,remove_features,k=131 / highest_abundance,0.9278,0.8401,0.0877,0.0611,False
abundance_cirrhosis--stagevalidation,ContextTab,remove_features,k=153 / highest_abundance,0.9278,0.7959,0.1318,0.011,True
abundance_cirrhosis--stagevalidation,ContextTab,remove_features,k=175 / highest_abundance,0.9278,0.8036,0.1241,0.0132,True
abundance_cirrhosis--stagevalidation,ContextTab,remove_features,k=197 / highest_abundance,0.9278,0.8415,0.0863,0.0707,False
abundance_cirrhosis--stagevalidation,ContextTab,remove_features,k=22 / highest_abundance,0.9278,0.9116,0.0161,0.4413,False
abundance_cirrhosis--stagevalidation,ContextTab,remove_features,k=44 / highest_abundance,0.9278,0.8878,0.04,0.1378,False
abundance_cirrhosis--stagevalidation,ContextTab,remove_features,k=66 / highest_abundance,0.9278,0.8457,0.082,0.0258,True
abundance_cirrhosis--stagevalidation,ContextTab,remove_features,k=88 / highest_abundance,0.9278,0.8696,0.0582,0.0485,True
abundance_cirrhosis--stagevalidation,ContextTab,sparsity,0.797,0.9278,0.9341,-0.0063,0.7172,False
abundance_cirrhosis--stagevalidation,ContextTab,sparsity,0.836,0.9278,0.9369,-0.0091,0.6398,False
abundance_cirrhosis--stagevalidation,ContextTab,sparsity,0.874,0.9278,0.9285,-0.0007,0.9761,False
abundance_cirrhosis--stagevalidation,ContextTab,sparsity,0.913,0.9278,0.9123,0.0154,0.6046,False
abundance_cirrhosis--stagevalidation,ContextTab,sparsity,0.951,0.9278,0.8948,0.033,0.3608,False
abundance_cirrhosis--stagevalidation,RF,densification,0.135,0.9488,0.8983,0.0505,0.1538,False
abundance_cirrhosis--stagevalidation,RF,densification,0.26,0.9488,0.9418,0.007,0.8095,False
abundance_cirrhosis--stagevalidation,RF,densification,0.384,0.9488,0.9593,-0.0105,0.7137,False
abundance_cirrhosis--stagevalidation,RF,densification,0.509,0.9488,0.96,-0.0112,0.5748,False
abundance_cirrhosis--stagevalidation,RF,densification,0.634,0.9488,0.9411,0.0077,0.7177,False
abundance_cirrhosis--stagevalidation,RF,remove_features,k=1 / highest_abundance,0.9488,0.9495,-0.0007,0.974,False
abundance_cirrhosis--stagevalidation,RF,remove_features,k=109 / highest_abundance,0.9488,0.9187,0.0302,0.0995,False
abundance_cirrhosis--stagevalidation,RF,remove_features,k=131 / highest_abundance,0.9488,0.9173,0.0316,0.2921,False
abundance_cirrhosis--stagevalidation,RF,remove_features,k=153 / highest_abundance,0.9488,0.8892,0.0596,0.1297,False
abundance_cirrhosis--stagevalidation,RF,remove_features,k=175 / highest_abundance,0.9488,0.8899,0.0589,0.1378,False
abundance_cirrhosis--stagevalidation,RF,remove_features,k=197 / highest_abundance,0.9488,0.9355,0.0133,0.6344,False
abundance_cirrhosis--stagevalidation,RF,remove_features,k=22 / highest_abundance,0.9488,0.9243,0.0245,0.2911,False
abundance_cirrhosis--stagevalidation,RF,remove_features,k=44 / highest_abundance,0.9488,0.918,0.0309,0.3183,False
abundance_cirrhosis--stagevalidation,RF,remove_features,k=66 / highest_abundance,0.9488,0.9116,0.0372,0.1914,False
abundance_cirrhosis--stagevalidation,RF,remove_features,k=88 / highest_abundance,0.9488,0.9425,0.0063,0.7364,False
abundance_cirrhosis--stagevalidation,RF,sparsity,0.797,0.9488,0.9194,0.0295,0.2126,False
abundance_cirrhosis--stagevalidation,RF,sparsity,0.836,0.9488,0.9081,0.0407,0.1584,False
abundance_cirrhosis--stagevalidation,RF,sparsity,0.874,0.9488,0.878,0.0708,0.0466,True
abundance_cirrhosis--stagevalidation,RF,sparsity,0.913,0.9488,0.831,0.1178,0.0048,True
abundance_cirrhosis--stagevalidation,RF,sparsity,0.951,0.9488,0.7651,0.1837,0.0006,True
abundance_cirrhosis--stagevalidation,TabDPT,densification,0.135,0.7756,0.4544,0.3212,0.0031,True
abundance_cirrhosis--stagevalidation,TabDPT,densification,0.26,0.7756,0.5652,0.2104,0.0279,True
abundance_cirrhosis--stagevalidation,TabDPT,densification,0.384,0.7756,0.4698,0.3058,0.0021,True
abundance_cirrhosis--stagevalidation,TabDPT,densification,0.509,0.7756,0.5007,0.2749,0.0022,True
abundance_cirrhosis--stagevalidation,TabDPT,densification,0.634,0.7756,0.5933,0.1823,0.0158,True
abundance_cirrhosis--stagevalidation,TabDPT,remove_features,k=1 / highest_abundance,0.7279,0.8008,-0.0729,0.0979,False
abundance_cirrhosis--stagevalidation,TabDPT,remove_features,k=109 / highest_abundance,0.7279,0.6592,0.0687,0.4207,False
abundance_cirrhosis--stagevalidation,TabDPT,remove_features,k=131 / highest_abundance,0.7279,0.6031,0.1248,0.261,False
abundance_cirrhosis--stagevalidation,TabDPT,remove_features,k=153 / highest_abundance,0.7279,0.7223,0.0056,0.9579,False
abundance_cirrhosis--stagevalidation,TabDPT,remove_features,k=175 / highest_abundance,0.7279,0.7405,-0.0126,0.8967,False
abundance_cirrhosis--stagevalidation,TabDPT,remove_features,k=197 / highest_abundance,0.7279,0.6381,0.0898,0.3503,False
abundance_cirrhosis--stagevalidation,TabDPT,remove_features,k=22 / highest_abundance,0.7279,0.6886,0.0393,0.6746,False
abundance_cirrhosis--stagevalidation,TabDPT,remove_features,k=44 / highest_abundance,0.7279,0.7111,0.0168,0.8495,False
abundance_cirrhosis--stagevalidation,TabDPT,remove_features,k=66 / highest_abundance,0.7279,0.6971,0.0309,0.7491,False
abundance_cirrhosis--stagevalidation,TabDPT,remove_features,k=88 / highest_abundance,0.7279,0.683,0.0449,0.6702,False
abundance_cirrhosis--stagevalidation,TabDPT,sparsity,0.797,0.7756,0.8331,-0.0575,0.3333,False
abundance_cirrhosis--stagevalidation,TabDPT,sparsity,0.836,0.7756,0.8233,-0.0477,0.4905,False
abundance_cirrhosis--stagevalidation,TabDPT,sparsity,0.874,0.7756,0.8331,-0.0575,0.4937,False
abundance_cirrhosis--stagevalidation,TabDPT,sparsity,0.913,0.7756,0.8555,-0.0799,0.3259,False
abundance_cirrhosis--stagevalidation,TabDPT,sparsity,0.951,0.7756,0.9116,-0.136,0.0464,True
abundance_cirrhosis--stagevalidation,TabICL,densification,0.135,0.9018,0.8205,0.0813,0.2285,False
abundance_cirrhosis--stagevalidation,TabICL,densification,0.26,0.9018,0.8331,0.0687,0.2397,False
abundance_cirrhosis--stagevalidation,TabICL,densification,0.384,0.9018,0.8836,0.0182,0.7288,False
abundance_cirrhosis--stagevalidation,TabICL,densification,0.509,0.9018,0.9299,-0.0281,0.5047,False
abundance_cirrhosis--stagevalidation,TabICL,densification,0.634,0.9018,0.9313,-0.0295,0.4047,False
abundance_cirrhosis--stagevalidation,TabICL,remove_features,k=1 / highest_abundance,0.9018,0.9158,-0.014,0.3588,False
abundance_cirrhosis--stagevalidation,TabICL,remove_features,k=109 / highest_abundance,0.9018,0.9046,-0.0028,0.9062,False
abundance_cirrhosis--stagevalidation,TabICL,remove_features,k=131 / highest_abundance,0.9018,0.8864,0.0154,0.6035,False
abundance_cirrhosis--stagevalidation,TabICL,remove_features,k=153 / highest_abundance,0.9018,0.8766,0.0252,0.4534,False
abundance_cirrhosis--stagevalidation,TabICL,remove_features,k=175 / highest_abundance,0.9018,0.8583,0.0435,0.2295,False
abundance_cirrhosis--stagevalidation,TabICL,remove_features,k=197 / highest_abundance,0.9018,0.8626,0.0393,0.2809,False
abundance_cirrhosis--stagevalidation,TabICL,remove_features,k=22 / highest_abundance,0.9018,0.9046,-0.0028,0.8895,False
abundance_cirrhosis--stagevalidation,TabICL,remove_features,k=44 / highest_abundance,0.9018,0.8906,0.0112,0.6397,False
abundance_cirrhosis--stagevalidation,TabICL,remove_features,k=66 / highest_abundance,0.9018,0.8724,0.0295,0.2764,False
abundance_cirrhosis--stagevalidation,TabICL,remove_features,k=88 / highest_abundance,0.9018,0.892,0.0098,0.7197,False
abundance_cirrhosis--stagevalidation,TabICL,sparsity,0.797,0.9018,0.9144,-0.0126,0.562,False
abundance_cirrhosis--stagevalidation,TabICL,sparsity,0.836,0.9018,0.9004,0.0014,0.9558,False
abundance_cirrhosis--stagevalidation,TabICL,sparsity,0.874,0.9018,0.906,-0.0042,0.8802,False
abundance_cirrhosis--stagevalidation,TabICL,sparsity,0.913,0.9018,0.8499,0.0519,0.1539,False
abundance_cirrhosis--stagevalidation,TabICL,sparsity,0.951,0.9018,0.7896,0.1122,0.0244,True
abundance_cirrhosis--stagevalidation,TabPFN,densification,0.135,0.9173,0.8485,0.0687,0.0872,False
abundance_cirrhosis--stagevalidation,TabPFN,densification,0.26,0.9173,0.8976,0.0196,0.5849,False
abundance_cirrhosis--stagevalidation,TabPFN,densification,0.384,0.9173,0.9299,-0.0126,0.773,False
abundance_cirrhosis--stagevalidation,TabPFN,densification,0.509,0.9173,0.9523,-0.0351,0.3681,False
abundance_cirrhosis--stagevalidation,TabPFN,densification,0.634,0.9173,0.9439,-0.0266,0.4635,False
abundance_cirrhosis--stagevalidation,TabPFN,remove_features,k=1 / highest_abundance,0.9173,0.9229,-0.0056,0.4488,False
abundance_cirrhosis--stagevalidation,TabPFN,remove_features,k=109 / highest_abundance,0.9173,0.8906,0.0266,0.626,False
abundance_cirrhosis--stagevalidation,TabPFN,remove_features,k=131 / highest_abundance,0.9173,0.8121,0.1052,0.139,False
abundance_cirrhosis--stagevalidation,TabPFN,remove_features,k=153 / highest_abundance,0.9173,0.7896,0.1276,0.0911,False
abundance_cirrhosis--stagevalidation,TabPFN,remove_features,k=175 / highest_abundance,0.9173,0.7532,0.1641,0.0353,True
abundance_cirrhosis--stagevalidation,TabPFN,remove_features,k=197 / highest_abundance,0.9173,0.7658,0.1515,0.0547,False
abundance_cirrhosis--stagevalidation,TabPFN,remove_features,k=22 / highest_abundance,0.9173,0.899,0.0182,0.5926,False
abundance_cirrhosis--stagevalidation,TabPFN,remove_features,k=44 / highest_abundance,0.9173,0.8934,0.0238,0.598,False
abundance_cirrhosis--stagevalidation,TabPFN,remove_features,k=66 / highest_abundance,0.9173,0.8373,0.0799,0.1687,False
abundance_cirrhosis--stagevalidation,TabPFN,remove_features,k=88 / highest_abundance,0.9173,0.8668,0.0505,0.3579,False
abundance_cirrhosis--stagevalidation,TabPFN,sparsity,0.797,0.9173,0.9088,0.0084,0.4448,False
abundance_cirrhosis--stagevalidation,TabPFN,sparsity,0.836,0.9173,0.906,0.0112,0.4438,False
abundance_cirrhosis--stagevalidation,TabPFN,sparsity,0.874,0.9173,0.8906,0.0266,0.2234,False
abundance_cirrhosis--stagevalidation,TabPFN,sparsity,0.913,0.9173,0.864,0.0533,0.1045,False
abundance_cirrhosis--stagevalidation,TabPFN,sparsity,0.951,0.9173,0.7994,0.1178,0.0165,True
abundance_cirrhosis--stagevalidation,XGBoost,densification,0.135,0.892,0.8513,0.0407,0.3426,False
abundance_cirrhosis--stagevalidation,XGBoost,densification,0.26,0.892,0.8471,0.0449,0.3193,False
abundance_cirrhosis--stagevalidation,XGBoost,densification,0.384,0.892,0.9018,-0.0098,0.8008,False
abundance_cirrhosis--stagevalidation,XGBoost,densification,0.509,0.892,0.9116,-0.0196,0.5644,False
abundance_cirrhosis--stagevalidation,XGBoost,densification,0.634,0.892,0.9271,-0.0351,0.2874,False
abundance_cirrhosis--stagevalidation,XGBoost,remove_features,k=1 / highest_abundance,0.892,0.8934,-0.0014,0.9413,False
abundance_cirrhosis--stagevalidation,XGBoost,remove_features,k=109 / highest_abundance,0.892,0.8289,0.0631,0.2259,False
abundance_cirrhosis--stagevalidation,XGBoost,remove_features,k=131 / highest_abundance,0.892,0.8226,0.0694,0.2003,False
abundance_cirrhosis--stagevalidation,XGBoost,remove_features,k=153 / highest_abundance,0.892,0.8135,0.0785,0.1718,False
abundance_cirrhosis--stagevalidation,XGBoost,remove_features,k=175 / highest_abundance,0.892,0.7777,0.1143,0.0522,False
abundance_cirrhosis--stagevalidation,XGBoost,remove_features,k=197 / highest_abundance,0.892,0.7917,0.1003,0.1196,False
abundance_cirrhosis--stagevalidation,XGBoost,remove_features,k=22 / highest_abundance,0.892,0.8738,0.0182,0.6381,False
abundance_cirrhosis--stagevalidation,XGBoost,remove_features,k=44 / highest_abundance,0.892,0.8569,0.0351,0.4177,False
abundance_cirrhosis--stagevalidation,XGBoost,remove_features,k=66 / highest_abundance,0.892,0.8072,0.0849,0.1156,False
abundance_cirrhosis--stagevalidation,XGBoost,remove_features,k=88 / highest_abundance,0.892,0.8303,0.0617,0.1859,False
abundance_cirrhosis--stagevalidation,XGBoost,sparsity,0.797,0.892,0.8864,0.0056,0.8874,False
abundance_cirrhosis--stagevalidation,XGBoost,sparsity,0.836,0.892,0.8415,0.0505,0.2873,False
abundance_cirrhosis--stagevalidation,XGBoost,sparsity,0.874,0.892,0.7868,0.1052,0.0567,False
abundance_cirrhosis--stagevalidation,XGBoost,sparsity,0.913,0.892,0.7833,0.1087,0.0649,False
abundance_cirrhosis--stagevalidation,XGBoost,sparsity,0.951,0.892,0.7244,0.1676,0.0133,True
abundance_ibd,ContextTab,densification,0.135,0.9028,0.7758,0.1271,0.0046,True
abundance_ibd,ContextTab,densification,0.261,0.9028,0.7774,0.1254,0.0031,True
abundance_ibd,ContextTab,densification,0.386,0.9028,0.8155,0.0873,0.0276,True
abundance_ibd,ContextTab,densification,0.511,0.9028,0.8805,0.0224,0.4328,False
abundance_ibd,ContextTab,densification,0.637,0.9028,0.9144,-0.0115,0.5359,False
abundance_ibd,ContextTab,remove_features,k=1 / highest_abundance,0.9028,0.8998,0.0031,0.474,False
abundance_ibd,ContextTab,remove_features,k=123 / highest_abundance,0.9028,0.8073,0.0955,0.0364,True
abundance_ibd,ContextTab,remove_features,k=147 / highest_abundance,0.9028,0.8191,0.0838,0.0215,True
abundance_ibd,ContextTab,remove_features,k=172 / highest_abundance,0.9028,0.8332,0.0696,0.0733,False
abundance_ibd,ContextTab,remove_features,k=196 / highest_abundance,0.9028,0.8339,0.0689,0.0557,False
abundance_ibd,ContextTab,remove_features,k=221 / highest_abundance,0.9028,0.8358,0.0671,0.0511,False
abundance_ibd,ContextTab,remove_features,k=25 / highest_abundance,0.9028,0.8859,0.0169,0.3331,False
abundance_ibd,ContextTab,remove_features,k=49 / highest_abundance,0.9028,0.8944,0.0085,0.773,False
abundance_ibd,ContextTab,remove_features,k=74 / highest_abundance,0.9028,0.8367,0.0661,0.0492,True
abundance_ibd,ContextTab,remove_features,k=98 / highest_abundance,0.9028,0.8214,0.0814,0.0592,False
abundance_ibd,ContextTab,sparsity,0.8,0.9028,0.8911,0.0118,0.4995,False
abundance_ibd,ContextTab,sparsity,0.838,0.9028,0.8715,0.0313,0.1347,False
abundance_ibd,ContextTab,sparsity,0.876,0.9028,0.8732,0.0296,0.2536,False
abundance_ibd,ContextTab,sparsity,0.914,0.9028,0.8492,0.0536,0.1391,False
abundance_ibd,ContextTab,sparsity,0.952,0.9028,0.7927,0.1101,0.0101,True
abundance_ibd,RF,densification,0.135,0.8762,0.7002,0.176,0.0007,True
abundance_ibd,RF,densification,0.261,0.8762,0.7831,0.0932,0.0387,True
abundance_ibd,RF,densification,0.386,0.8762,0.7711,0.1052,0.0103,True
abundance_ibd,RF,densification,0.511,0.8762,0.8398,0.0365,0.1905,False
abundance_ibd,RF,densification,0.637,0.8762,0.8807,-0.0045,0.8427,False
abundance_ibd,RF,remove_features,k=1 / highest_abundance,0.8762,0.8722,0.004,0.8681,False
abundance_ibd,RF,remove_features,k=123 / highest_abundance,0.8762,0.736,0.1402,0.0018,True
abundance_ibd,RF,remove_features,k=147 / highest_abundance,0.8762,0.7828,0.0934,0.0135,True
abundance_ibd,RF,remove_features,k=172 / highest_abundance,0.8762,0.7365,0.1398,0.0005,True
abundance_ibd,RF,remove_features,k=196 / highest_abundance,0.8762,0.7687,0.1075,0.0048,True
abundance_ibd,RF,remove_features,k=221 / highest_abundance,0.8762,0.7967,0.0795,0.0176,True
abundance_ibd,RF,remove_features,k=25 / highest_abundance,0.8762,0.8191,0.0572,0.1486,False
abundance_ibd,RF,remove_features,k=49 / highest_abundance,0.8762,0.7904,0.0859,0.0696,False
abundance_ibd,RF,remove_features,k=74 / highest_abundance,0.8762,0.7852,0.0911,0.0302,True
abundance_ibd,RF,remove_features,k=98 / highest_abundance,0.8762,0.7529,0.1233,0.0028,True
abundance_ibd,RF,sparsity,0.8,0.8762,0.8774,-0.0012,0.953,False
abundance_ibd,RF,sparsity,0.838,0.8762,0.8819,-0.0056,0.8428,False
abundance_ibd,RF,sparsity,0.876,0.8762,0.8706,0.0056,0.8768,False
abundance_ibd,RF,sparsity,0.914,0.8762,0.8075,0.0687,0.1509,False
abundance_ibd,RF,sparsity,0.952,0.8762,0.7736,0.1026,0.0614,False
abundance_ibd,TabDPT,densification,0.135,0.7986,0.6089,0.1896,0.0086,True
abundance_ibd,TabDPT,densification,0.261,0.7986,0.5953,0.2033,0.0091,True
abundance_ibd,TabDPT,densification,0.386,0.7986,0.5096,0.2889,0.0001,True
abundance_ibd,TabDPT,densification,0.511,0.7986,0.5473,0.2513,0.0002,True
abundance_ibd,TabDPT,densification,0.637,0.7986,0.6899,0.1087,0.0805,False
abundance_ibd,TabDPT,remove_features,k=1 / highest_abundance,0.7746,0.7624,0.0122,0.6597,False
abundance_ibd,TabDPT,remove_features,k=123 / highest_abundance,0.7746,0.6136,0.1609,0.0365,True
abundance_ibd,TabDPT,remove_features,k=147 / highest_abundance,0.7746,0.5741,0.2005,0.005,True
abundance_ibd,TabDPT,remove_features,k=172 / highest_abundance,0.7746,0.6584,0.1162,0.1422,False
abundance_ibd,TabDPT,remove_features,k=196 / highest_abundance,0.7746,0.6127,0.1619,0.0304,True
abundance_ibd,TabDPT,remove_features,k=221 / highest_abundance,0.7746,0.5638,0.2108,0.0065,True
abundance_ibd,TabDPT,remove_features,k=25 / highest_abundance,0.7746,0.7769,-0.0024,0.9565,False
abundance_ibd,TabDPT,remove_features,k=49 / highest_abundance,0.7746,0.6264,0.1482,0.0298,True
abundance_ibd,TabDPT,remove_features,k=74 / highest_abundance,0.7746,0.64,0.1346,0.0936,False
abundance_ibd,TabDPT,remove_features,k=98 / highest_abundance,0.7746,0.6682,0.1064,0.0963,False
abundance_ibd,TabDPT,sparsity,0.8,0.7986,0.8409,-0.0424,0.3825,False
abundance_ibd,TabDPT,sparsity,0.838,0.7986,0.8536,-0.0551,0.3033,False
abundance_ibd,TabDPT,sparsity,0.876,0.7986,0.8433,-0.0447,0.3927,False
abundance_ibd,TabDPT,sparsity,0.914,0.7986,0.8311,-0.0325,0.5485,False
abundance_ibd,TabDPT,sparsity,0.952,0.7986,0.8306,-0.032,0.5547,False
abundance_ibd,TabICL,densification,0.135,0.8739,0.5995,0.2744,0.0,True
abundance_ibd,TabICL,densification,0.261,0.8739,0.6188,0.2551,0.0,True
abundance_ibd,TabICL,densification,0.386,0.8739,0.6932,0.1807,0.0013,True
abundance_ibd,TabICL,densification,0.511,0.8739,0.7948,0.0791,0.1297,False
abundance_ibd,TabICL,densification,0.637,0.8739,0.8348,0.0391,0.3283,False
abundance_ibd,TabICL,remove_features,k=1 / highest_abundance,0.8739,0.8814,-0.0075,0.3521,False
abundance_ibd,TabICL,remove_features,k=123 / highest_abundance,0.8739,0.7934,0.0805,0.0222,True
abundance_ibd,TabICL,remove_features,k=147 / highest_abundance,0.8739,0.7981,0.0758,0.0055,True
abundance_ibd,TabICL,remove_features,k=172 / highest_abundance,0.8739,0.8099,0.064,0.0553,False
abundance_ibd,TabICL,remove_features,k=196 / highest_abundance,0.8739,0.8113,0.0626,0.0663,False
abundance_ibd,TabICL,remove_features,k=221 / highest_abundance,0.8739,0.8259,0.048,0.1356,False
abundance_ibd,TabICL,remove_features,k=25 / highest_abundance,0.8739,0.8711,0.0028,0.8762,False
abundance_ibd,TabICL,remove_features,k=49 / highest_abundance,0.8739,0.8635,0.0104,0.621,False
abundance_ibd,TabICL,remove_features,k=74 / highest_abundance,0.8739,0.8094,0.0645,0.0274,True
abundance_ibd,TabICL,remove_features,k=98 / highest_abundance,0.8739,0.8296,0.0442,0.0859,False
abundance_ibd,TabICL,sparsity,0.8,0.8739,0.8758,-0.0019,0.9091,False
abundance_ibd,TabICL,sparsity,0.838,0.8739,0.8786,-0.0047,0.8224,False
abundance_ibd,TabICL,sparsity,0.876,0.8739,0.8616,0.0122,0.5978,False
abundance_ibd,TabICL,sparsity,0.914,0.8739,0.8344,0.0395,0.1867,False
abundance_ibd,TabICL,sparsity,0.952,0.8739,0.7859,0.088,0.0435,True
abundance_ibd,TabPFN,densification,0.135,0.9195,0.6616,0.2579,0.0001,True
abundance_ibd,TabPFN,densification,0.261,0.9195,0.7162,0.2033,0.0005,True
abundance_ibd,TabPFN,densification,0.386,0.9195,0.7896,0.1299,0.0034,True
abundance_ibd,TabPFN,densification,0.511,0.9195,0.8447,0.0748,0.0971,False
abundance_ibd,TabPFN,densification,0.637,0.9195,0.904,0.0155,0.517,False
abundance_ibd,TabPFN,remove_features,k=1 / highest_abundance,0.9195,0.9191,0.0005,0.9303,False
abundance_ibd,TabPFN,remove_features,k=123 / highest_abundance,0.9195,0.7812,0.1384,0.0102,True
abundance_ibd,TabPFN,remove_features,k=147 / highest_abundance,0.9195,0.8066,0.1129,0.0038,True
abundance_ibd,TabPFN,remove_features,k=172 / highest_abundance,0.9195,0.7929,0.1266,0.0035,True
abundance_ibd,TabPFN,remove_features,k=196 / highest_abundance,0.9195,0.7915,0.128,0.0023,True
abundance_ibd,TabPFN,remove_features,k=221 / highest_abundance,0.9195,0.8071,0.1125,0.0052,True
abundance_ibd,TabPFN,remove_features,k=25 / highest_abundance,0.9195,0.8607,0.0588,0.0024,True
abundance_ibd,TabPFN,remove_features,k=49 / highest_abundance,0.9195,0.8941,0.0254,0.4353,False
abundance_ibd,TabPFN,remove_features,k=74 / highest_abundance,0.9195,0.8358,0.0838,0.0449,True
abundance_ibd,TabPFN,remove_features,k=98 / highest_abundance,0.9195,0.8268,0.0927,0.0244,True
abundance_ibd,TabPFN,sparsity,0.8,0.9195,0.8974,0.0221,0.3523,False
abundance_ibd,TabPFN,sparsity,0.838,0.9195,0.8814,0.0381,0.1987,False
abundance_ibd,TabPFN,sparsity,0.876,0.9195,0.8607,0.0588,0.0893,False
abundance_ibd,TabPFN,sparsity,0.914,0.9195,0.8362,0.0833,0.0404,True
abundance_ibd,TabPFN,sparsity,0.952,0.9195,0.7835,0.136,0.0093,True
abundance_ibd,XGBoost,densification,0.135,0.7581,0.6866,0.0715,0.235,False
abundance_ibd,XGBoost,densification,0.261,0.7581,0.6936,0.0645,0.2341,False
abundance_ibd,XGBoost,densification,0.386,0.7581,0.6419,0.1162,0.0278,True
abundance_ibd,XGBoost,densification,0.511,0.7581,0.7511,0.0071,0.8292,False
abundance_ibd,XGBoost,densification,0.637,0.7581,0.7506,0.0075,0.7011,False
abundance_ibd,XGBoost,remove_features,k=1 / highest_abundance,0.7581,0.7506,0.0075,0.5781,False
abundance_ibd,XGBoost,remove_features,k=123 / highest_abundance,0.7581,0.6692,0.0889,0.2801,False
abundance_ibd,XGBoost,remove_features,k=147 / highest_abundance,0.7581,0.7134,0.0447,0.5292,False
abundance_ibd,XGBoost,remove_features,k=172 / highest_abundance,0.7581,0.6734,0.0847,0.2528,False
abundance_ibd,XGBoost,remove_features,k=196 / highest_abundance,0.7581,0.7327,0.0254,0.7089,False
abundance_ibd,XGBoost,remove_features,k=221 / highest_abundance,0.7581,0.7515,0.0066,0.9257,False
abundance_ibd,XGBoost,remove_features,k=25 / highest_abundance,0.7581,0.7398,0.0184,0.6337,False
abundance_ibd,XGBoost,remove_features,k=49 / highest_abundance,0.7581,0.7671,-0.0089,0.8752,False
abundance_ibd,XGBoost,remove_features,k=74 / highest_abundance,0.7581,0.7064,0.0518,0.4715,False
abundance_ibd,XGBoost,remove_features,k=98 / highest_abundance,0.7581,0.696,0.0621,0.4277,False
abundance_ibd,XGBoost,sparsity,0.8,0.7581,0.8089,-0.0508,0.2928,False
abundance_ibd,XGBoost,sparsity,0.838,0.7581,0.7995,-0.0414,0.498,False
abundance_ibd,XGBoost,sparsity,0.876,0.7581,0.7774,-0.0193,0.771,False
abundance_ibd,XGBoost,sparsity,0.914,0.7581,0.7292,0.0289,0.6981,False
abundance_ibd,XGBoost,sparsity,0.952,0.7581,0.6835,0.0746,0.2864,False
abundance_obesity,ContextTab,densification,0.139,0.6635,0.5387,0.1247,0.0026,True
abundance_obesity,ContextTab,densification,0.267,0.6635,0.5434,0.1201,0.0018,True
abundance_obesity,ContextTab,densification,0.396,0.6635,0.5838,0.0796,0.0206,True
abundance_obesity,ContextTab,densification,0.524,0.6635,0.6108,0.0527,0.0917,False
abundance_obesity,ContextTab,densification,0.653,0.6635,0.6084,0.0551,0.0366,True
abundance_obesity,ContextTab,remove_features,k=1 / highest_abundance,0.6635,0.6719,-0.0084,0.069,False
abundance_obesity,ContextTab,remove_features,k=103 / highest_abundance,0.6635,0.6165,0.047,0.1979,False
abundance_obesity,ContextTab,remove_features,k=129 / highest_abundance,0.6635,0.6059,0.0576,0.1155,False
abundance_obesity,ContextTab,remove_features,k=155 / highest_abundance,0.6635,0.6183,0.0452,0.2175,False
abundance_obesity,ContextTab,remove_features,k=180 / highest_abundance,0.6635,0.6385,0.025,0.4794,False
abundance_obesity,ContextTab,remove_features,k=206 / highest_abundance,0.6635,0.6283,0.0352,0.3663,False
abundance_obesity,ContextTab,remove_features,k=232 / highest_abundance,0.6635,0.6226,0.0409,0.2868,False
abundance_obesity,ContextTab,remove_features,k=26 / highest_abundance,0.6635,0.6865,-0.023,0.2913,False
abundance_obesity,ContextTab,remove_features,k=52 / highest_abundance,0.6635,0.6671,-0.0036,0.9057,False
abundance_obesity,ContextTab,remove_features,k=78 / highest_abundance,0.6635,0.6241,0.0394,0.2928,False
abundance_obesity,ContextTab,sparsity,0.816,0.6635,0.6508,0.0126,0.5512,False
abundance_obesity,ContextTab,sparsity,0.851,0.6635,0.5955,0.068,0.02,True
abundance_obesity,ContextTab,sparsity,0.886,0.6635,0.5797,0.0838,0.0173,True
abundance_obesity,ContextTab,sparsity,0.92,0.6635,0.5628,0.1007,0.0115,True
abundance_obesity,ContextTab,sparsity,0.955,0.6635,0.5424,0.1211,0.0053,True
abundance_obesity,RF,densification,0.139,0.6384,0.5664,0.072,0.0873,False
abundance_obesity,RF,densification,0.267,0.6384,0.5758,0.0626,0.1462,False
abundance_obesity,RF,densification,0.396,0.6384,0.5881,0.0503,0.1818,False
abundance_obesity,RF,densification,0.524,0.6384,0.6131,0.0253,0.4009,False
abundance_obesity,RF,densification,0.653,0.6384,0.5998,0.0386,0.0756,False
abundance_obesity,RF,remove_features,k=1 / highest_abundance,0.6384,0.6502,-0.0118,0.6596,False
abundance_obesity,RF,remove_features,k=103 / highest_abundance,0.6384,0.6068,0.0316,0.4508,False
abundance_obesity,RF,remove_features,k=129 / highest_abundance,0.6384,0.6337,0.0047,0.9142,False
abundance_obesity,RF,remove_features,k=155 / highest_abundance,0.6384,0.6434,-0.005,0.9076,False
abundance_obesity,RF,remove_features,k=180 / highest_abundance,0.6384,0.6538,-0.0154,0.7108,False
abundance_obesity,RF,remove_features,k=206 / highest_abundance,0.6384,0.6534,-0.015,0.7329,False
abundance_obesity,RF,remove_features,k=232 / highest_abundance,0.6384,0.6199,0.0185,0.6742,False
abundance_obesity,RF,remove_features,k=26 / highest_abundance,0.6384,0.6585,-0.0201,0.5575,False
abundance_obesity,RF,remove_features,k=52 / highest_abundance,0.6384,0.6265,0.0119,0.7773,False
abundance_obesity,RF,remove_features,k=78 / highest_abundance,0.6384,0.6277,0.0107,0.8054,False
abundance_obesity,RF,sparsity,0.816,0.6384,0.6209,0.0175,0.5525,False
abundance_obesity,RF,sparsity,0.851,0.6384,0.6197,0.0187,0.5731,False
abundance_obesity,RF,sparsity,0.886,0.6384,0.587,0.0513,0.1873,False
abundance_obesity,RF,sparsity,0.92,0.6384,0.5775,0.0609,0.1494,False
abundance_obesity,RF,sparsity,0.955,0.6384,0.5681,0.0703,0.1168,False
abundance_obesity,TabDPT,densification,0.139,0.6129,0.4969,0.116,0.03,True
abundance_obesity,TabDPT,densification,0.267,0.6129,0.4916,0.1213,0.0129,True
abundance_obesity,TabDPT,densification,0.396,0.6129,0.4775,0.1354,0.0078,True
abundance_obesity,TabDPT,densification,0.524,0.6129,0.4663,0.1466,0.0033,True
abundance_obesity,TabDPT,densification,0.653,0.6129,0.5846,0.0283,0.5055,False
abundance_obesity,TabDPT,remove_features,k=1 / highest_abundance,0.6117,0.6143,-0.0025,0.8685,False
abundance_obesity,TabDPT,remove_features,k=103 / highest_abundance,0.6117,0.5543,0.0574,0.1428,False
abundance_obesity,TabDPT,remove_features,k=129 / highest_abundance,0.6117,0.5604,0.0514,0.1782,False
abundance_obesity,TabDPT,remove_features,k=155 / highest_abundance,0.6117,0.5386,0.0732,0.0728,False
abundance_obesity,TabDPT,remove_features,k=180 / highest_abundance,0.6117,0.5817,0.03,0.4433,False
abundance_obesity,TabDPT,remove_features,k=206 / highest_abundance,0.6117,0.5876,0.0241,0.5837,False
abundance_obesity,TabDPT,remove_features,k=232 / highest_abundance,0.6117,0.5784,0.0333,0.4556,False
abundance_obesity,TabDPT,remove_features,k=26 / highest_abundance,0.6117,0.58,0.0318,0.2434,False
abundance_obesity,TabDPT,remove_features,k=52 / highest_abundance,0.6117,0.5452,0.0665,0.0281,True
abundance_obesity,TabDPT,remove_features,k=78 / highest_abundance,0.6117,0.5362,0.0755,0.0474,True
abundance_obesity,TabDPT,sparsity,0.816,0.6129,0.6415,-0.0286,0.3073,False
abundance_obesity,TabDPT,sparsity,0.851,0.6129,0.6085,0.0044,0.8934,False
abundance_obesity,TabDPT,sparsity,0.886,0.6129,0.6357,-0.0227,0.5058,False
abundance_obesity,TabDPT,sparsity,0.92,0.6129,0.6239,-0.011,0.7789,False
abundance_obesity,TabDPT,sparsity,0.955,0.6129,0.6235,-0.0106,0.8032,False
abundance_obesity,TabICL,densification,0.139,0.6973,0.5621,0.1352,0.0024,True
abundance_obesity,TabICL,densification,0.267,0.6973,0.572,0.1253,0.0039,True
abundance_obesity,TabICL,densification,0.396,0.6973,0.5719,0.1254,0.0022,True
abundance_obesity,TabICL,densification,0.524,0.6973,0.6158,0.0815,0.0309,True
abundance_obesity,TabICL,densification,0.653,0.6973,0.6513,0.046,0.1197,False
abundance_obesity,TabICL,remove_features,k=1 / highest_abundance,0.6973,0.6903,0.007,0.4113,False
abundance_obesity,TabICL,remove_features,k=103 / highest_abundance,0.6973,0.6745,0.0228,0.387,False
abundance_obesity,TabICL,remove_features,k=129 / highest_abundance,0.6973,0.6748,0.0225,0.4061,False
abundance_obesity,TabICL,remove_features,k=155 / highest_abundance,0.6973,0.6493,0.048,0.1225,False
abundance_obesity,TabICL,remove_features,k=180 / highest_abundance,0.6973,0.6465,0.0508,0.0934,False
abundance_obesity,TabICL,remove_features,k=206 / highest_abundance,0.6973,0.6503,0.047,0.1607,False
abundance_obesity,TabICL,remove_features,k=232 / highest_abundance,0.6973,0.6241,0.0732,0.0511,False
abundance_obesity,TabICL,remove_features,k=26 / highest_abundance,0.6973,0.6942,0.0031,0.8614,False
abundance_obesity,TabICL,remove_features,k=52 / highest_abundance,0.6973,0.6736,0.0237,0.3173,False
abundance_obesity,TabICL,remove_features,k=78 / highest_abundance,0.6973,0.6628,0.0345,0.1967,False
abundance_obesity,TabICL,sparsity,0.816,0.6973,0.6865,0.0108,0.5626,False
abundance_obesity,TabICL,sparsity,0.851,0.6973,0.6544,0.0429,0.0988,False
abundance_obesity,TabICL,sparsity,0.886,0.6973,0.6261,0.0712,0.0224,True
abundance_obesity,TabICL,sparsity,0.92,0.6973,0.6139,0.0834,0.016,True
abundance_obesity,TabICL,sparsity,0.955,0.6973,0.5981,0.0992,0.0082,True
abundance_obesity,TabPFN,densification,0.139,0.6315,0.5573,0.0742,0.0727,False
abundance_obesity,TabPFN,densification,0.267,0.6315,0.6,0.0316,0.4133,False
abundance_obesity,TabPFN,densification,0.396,0.6315,0.6264,0.0051,0.8896,False
abundance_obesity,TabPFN,densification,0.524,0.6315,0.6113,0.0203,0.5262,False
abundance_obesity,TabPFN,densification,0.653,0.6315,0.5824,0.0491,0.0275,True
abundance_obesity,TabPFN,remove_features,k=1 / highest_abundance,0.6315,0.627,0.0046,0.6312,False
abundance_obesity,TabPFN,remove_features,k=103 / highest_abundance,0.6315,0.6027,0.0288,0.481,False
abundance_obesity,TabPFN,remove_features,k=129 / highest_abundance,0.6315,0.5988,0.0327,0.4289,False
abundance_obesity,TabPFN,remove_features,k=155 / highest_abundance,0.6315,0.5841,0.0474,0.2717,False
abundance_obesity,TabPFN,remove_features,k=180 / highest_abundance,0.6315,0.5953,0.0362,0.3926,False
abundance_obesity,TabPFN,remove_features,k=206 / highest_abundance,0.6315,0.5659,0.0656,0.1446,False
abundance_obesity,TabPFN,remove_features,k=232 / highest_abundance,0.6315,0.5771,0.0544,0.2254,False
abundance_obesity,TabPFN,remove_features,k=26 / highest_abundance,0.6315,0.6345,-0.0029,0.9072,False
abundance_obesity,TabPFN,remove_features,k=52 / highest_abundance,0.6315,0.6151,0.0164,0.6435,False
abundance_obesity,TabPFN,remove_features,k=78 / highest_abundance,0.6315,0.6207,0.0108,0.7926,False
abundance_obesity,TabPFN,sparsity,0.816,0.6315,0.6156,0.016,0.4558,False
abundance_obesity,TabPFN,sparsity,0.851,0.6315,0.6063,0.0252,0.375,False
abundance_obesity,TabPFN,sparsity,0.886,0.6315,0.5961,0.0354,0.3314,False
abundance_obesity,TabPFN,sparsity,0.92,0.6315,0.5926,0.0389,0.3292,False
abundance_obesity,TabPFN,sparsity,0.955,0.6315,0.5795,0.0521,0.2164,False
abundance_obesity,XGBoost,densification,0.139,0.6272,0.6001,0.0271,0.4347,False
abundance_obesity,XGBoost,densification,0.267,0.6272,0.5865,0.0407,0.2381,False
abundance_obesity,XGBoost,densification,0.396,0.6272,0.5904,0.0369,0.2329,False
abundance_obesity,XGBoost,densification,0.524,0.6272,0.6149,0.0123,0.6254,False
abundance_obesity,XGBoost,densification,0.653,0.6272,0.5908,0.0364,0.0806,False
abundance_obesity,XGBoost,remove_features,k=1 / highest_abundance,0.6272,0.6241,0.0032,0.8444,False
abundance_obesity,XGBoost,remove_features,k=103 / highest_abundance,0.6272,0.6488,-0.0215,0.5891,False
abundance_obesity,XGBoost,remove_features,k=129 / highest_abundance,0.6272,0.5945,0.0327,0.4472,False
abundance_obesity,XGBoost,remove_features,k=155 / highest_abundance,0.6272,0.6328,-0.0056,0.8949,False
abundance_obesity,XGBoost,remove_features,k=180 / highest_abundance,0.6272,0.6137,0.0136,0.7522,False
abundance_obesity,XGBoost,remove_features,k=206 / highest_abundance,0.6272,0.5776,0.0497,0.2802,False
abundance_obesity,XGBoost,remove_features,k=232 / highest_abundance,0.6272,0.5464,0.0808,0.0947,False
abundance_obesity,XGBoost,remove_features,k=26 / highest_abundance,0.6272,0.626,0.0012,0.9733,False
abundance_obesity,XGBoost,remove_features,k=52 / highest_abundance,0.6272,0.6287,-0.0015,0.9698,False
abundance_obesity,XGBoost,remove_features,k=78 / highest_abundance,0.6272,0.6196,0.0077,0.8537,False
abundance_obesity,XGBoost,sparsity,0.816,0.6272,0.6091,0.0181,0.5408,False
abundance_obesity,XGBoost,sparsity,0.851,0.6272,0.6106,0.0166,0.6432,False
abundance_obesity,XGBoost,sparsity,0.886,0.6272,0.5715,0.0558,0.1797,False
abundance_obesity,XGBoost,sparsity,0.92,0.6272,0.5717,0.0555,0.2276,False
abundance_obesity,XGBoost,sparsity,0.955,0.6272,0.5393,0.0879,0.0647,False
abundance_t2d,ContextTab,densification,0.147,0.7521,0.6558,0.0963,0.0001,True
abundance_t2d,ContextTab,densification,0.283,0.7521,0.6595,0.0926,0.0002,True
abundance_t2d,ContextTab,densification,0.42,0.7521,0.659,0.0931,0.0001,True
abundance_t2d,ContextTab,densification,0.556,0.7521,0.671,0.0811,0.0002,True
abundance_t2d,ContextTab,densification,0.693,0.7521,0.7028,0.0493,0.0074,True
abundance_t2d,ContextTab,remove_features,k=1 / highest_abundance,0.7521,0.7543,-0.0022,0.7803,False
abundance_t2d,ContextTab,remove_features,k=127 / highest_abundance,0.7521,0.7588,-0.0067,0.6045,False
abundance_t2d,ContextTab,remove_features,k=159 / highest_abundance,0.7521,0.7415,0.0106,0.4631,False
abundance_t2d,ContextTab,remove_features,k=191 / highest_abundance,0.7521,0.741,0.011,0.4404,False
abundance_t2d,ContextTab,remove_features,k=222 / highest_abundance,0.7521,0.7524,-0.0003,0.9821,False
abundance_t2d,ContextTab,remove_features,k=254 / highest_abundance,0.7521,0.7481,0.004,0.7989,False
abundance_t2d,ContextTab,remove_features,k=286 / highest_abundance,0.7521,0.7504,0.0017,0.9144,False
abundance_t2d,ContextTab,remove_features,k=32 / highest_abundance,0.7521,0.7597,-0.0076,0.4784,False
abundance_t2d,ContextTab,remove_features,k=64 / highest_abundance,0.7521,0.7569,-0.0048,0.693,False
abundance_t2d,ContextTab,remove_features,k=96 / highest_abundance,0.7521,0.7611,-0.009,0.4806,False
abundance_t2d,ContextTab,sparsity,0.856,0.7521,0.7374,0.0146,0.3159,False
abundance_t2d,ContextTab,sparsity,0.883,0.7521,0.7445,0.0076,0.6505,False
abundance_t2d,ContextTab,sparsity,0.91,0.7521,0.7385,0.0136,0.4486,False
abundance_t2d,ContextTab,sparsity,0.937,0.7521,0.7315,0.0206,0.2891,False
abundance_t2d,ContextTab,sparsity,0.963,0.7521,0.723,0.0291,0.1438,False
abundance_t2d,RF,densification,0.147,0.7215,0.6101,0.1114,0.0011,True
abundance_t2d,RF,densification,0.283,0.7215,0.6217,0.0998,0.0009,True
abundance_t2d,RF,densification,0.42,0.7215,0.6677,0.0538,0.0383,True
abundance_t2d,RF,densification,0.556,0.7215,0.6783,0.0432,0.033,True
abundance_t2d,RF,densification,0.693,0.7215,0.7118,0.0097,0.4622,False
abundance_t2d,RF,remove_features,k=1 / highest_abundance,0.7215,0.7169,0.0046,0.7451,False
abundance_t2d,RF,remove_features,k=127 / highest_abundance,0.7215,0.7414,-0.0199,0.2797,False
abundance_t2d,RF,remove_features,k=159 / highest_abundance,0.7215,0.7405,-0.019,0.3145,False
abundance_t2d,RF,remove_features,k=191 / highest_abundance,0.7215,0.7394,-0.0179,0.3359,False
abundance_t2d,RF,remove_features,k=222 / highest_abundance,0.7215,0.7589,-0.0374,0.0437,True
abundance_t2d,RF,remove_features,k=254 / highest_abundance,0.7215,0.7407,-0.0193,0.3265,False
abundance_t2d,RF,remove_features,k=286 / highest_abundance,0.7215,0.7494,-0.0279,0.1329,False
abundance_t2d,RF,remove_features,k=32 / highest_abundance,0.7215,0.7326,-0.0111,0.5014,False
abundance_t2d,RF,remove_features,k=64 / highest_abundance,0.7215,0.7344,-0.013,0.4751,False
abundance_t2d,RF,remove_features,k=96 / highest_abundance,0.7215,0.7556,-0.0341,0.0854,False
abundance_t2d,RF,sparsity,0.856,0.7215,0.7075,0.014,0.347,False
abundance_t2d,RF,sparsity,0.883,0.7215,0.7044,0.0171,0.3384,False
abundance_t2d,RF,sparsity,0.91,0.7215,0.7164,0.0051,0.7908,False
abundance_t2d,RF,sparsity,0.937,0.7215,0.7093,0.0122,0.5432,False
abundance_t2d,RF,sparsity,0.963,0.7215,0.7063,0.0152,0.4524,False
abundance_t2d,TabDPT,densification,0.147,0.6831,0.4853,0.1978,0.0,True
abundance_t2d,TabDPT,densification,0.283,0.6831,0.4805,0.2026,0.0,True
abundance_t2d,TabDPT,densification,0.42,0.6831,0.4979,0.1852,0.0,True
abundance_t2d,TabDPT,densification,0.556,0.6831,0.4958,0.1872,0.0,True
abundance_t2d,TabDPT,densification,0.693,0.6831,0.5372,0.1459,0.0001,True
abundance_t2d,TabDPT,remove_features,k=1 / highest_abundance,0.6865,0.6906,-0.004,0.7383,False
abundance_t2d,TabDPT,remove_features,k=127 / highest_abundance,0.6865,0.6828,0.0037,0.866,False
abundance_t2d,TabDPT,remove_features,k=159 / highest_abundance,0.6865,0.7164,-0.0299,0.1922,False
abundance_t2d,TabDPT,remove_features,k=191 / highest_abundance,0.6865,0.711,-0.0244,0.2753,False
abundance_t2d,TabDPT,remove_features,k=222 / highest_abundance,0.6865,0.7056,-0.0191,0.4104,False
abundance_t2d,TabDPT,remove_features,k=254 / highest_abundance,0.6865,0.7139,-0.0274,0.219,False
abundance_t2d,TabDPT,remove_features,k=286 / highest_abundance,0.6865,0.7094,-0.0228,0.3326,False
abundance_t2d,TabDPT,remove_features,k=32 / highest_abundance,0.6865,0.66,0.0266,0.1136,False
abundance_t2d,TabDPT,remove_features,k=64 / highest_abundance,0.6865,0.6715,0.015,0.432,False
abundance_t2d,TabDPT,remove_features,k=96 / highest_abundance,0.6865,0.6929,-0.0064,0.7717,False
abundance_t2d,TabDPT,sparsity,0.856,0.6831,0.7469,-0.0638,0.0005,True
abundance_t2d,TabDPT,sparsity,0.883,0.6831,0.7381,-0.055,0.0096,True
abundance_t2d,TabDPT,sparsity,0.91,0.6831,0.7714,-0.0884,0.0001,True
abundance_t2d,TabDPT,sparsity,0.937,0.6831,0.7592,-0.0761,0.0016,True
abundance_t2d,TabDPT,sparsity,0.963,0.6831,0.7572,-0.0741,0.0033,True
abundance_t2d,TabICL,densification,0.147,0.7618,0.6433,0.1185,0.0,True
abundance_t2d,TabICL,densification,0.283,0.7618,0.6494,0.1124,0.0,True
abundance_t2d,TabICL,densification,0.42,0.7618,0.6651,0.0967,0.0001,True
abundance_t2d,TabICL,densification,0.556,0.7618,0.6917,0.0701,0.0008,True
abundance_t2d,TabICL,densification,0.693,0.7618,0.7244,0.0374,0.025,True
abundance_t2d,TabICL,remove_features,k=1 / highest_abundance,0.7618,0.7633,-0.0015,0.6916,False
abundance_t2d,TabICL,remove_features,k=127 / highest_abundance,0.7618,0.7615,0.0003,0.9781,False
abundance_t2d,TabICL,remove_features,k=159 / highest_abundance,0.7618,0.7519,0.0099,0.4339,False
abundance_t2d,TabICL,remove_features,k=191 / highest_abundance,0.7618,0.7542,0.0076,0.5646,False
abundance_t2d,TabICL,remove_features,k=222 / highest_abundance,0.7618,0.7574,0.0044,0.753,False
abundance_t2d,TabICL,remove_features,k=254 / highest_abundance,0.7618,0.7516,0.0102,0.4788,False
abundance_t2d,TabICL,remove_features,k=286 / highest_abundance,0.7618,0.7514,0.0104,0.467,False
abundance_t2d,TabICL,remove_features,k=32 / highest_abundance,0.7618,0.7622,-0.0004,0.9544,False
abundance_t2d,TabICL,remove_features,k=64 / highest_abundance,0.7618,0.7682,-0.0064,0.5639,False
abundance_t2d,TabICL,remove_features,k=96 / highest_abundance,0.7618,0.7618,-0.0,0.9976,False
abundance_t2d,TabICL,sparsity,0.856,0.7618,0.7625,-0.0007,0.9453,False
abundance_t2d,TabICL,sparsity,0.883,0.7618,0.7553,0.0065,0.6087,False
abundance_t2d,TabICL,sparsity,0.91,0.7618,0.7522,0.0096,0.5084,False
abundance_t2d,TabICL,sparsity,0.937,0.7618,0.7522,0.0096,0.5507,False
abundance_t2d,TabICL,sparsity,0.963,0.7618,0.7545,0.0073,0.6674,False
abundance_t2d,TabPFN,densification,0.147,0.7324,0.6618,0.0706,0.0074,True
abundance_t2d,TabPFN,densification,0.283,0.7324,0.6749,0.0574,0.0234,True
abundance_t2d,TabPFN,densification,0.42,0.7324,0.6873,0.0451,0.0546,False
abundance_t2d,TabPFN,densification,0.556,0.7324,0.6812,0.0512,0.01,True
abundance_t2d,TabPFN,densification,0.693,0.7324,0.7291,0.0032,0.8395,False
abundance_t2d,TabPFN,remove_features,k=1 / highest_abundance,0.7324,0.7115,0.0209,0.0164,True
abundance_t2d,TabPFN,remove_features,k=127 / highest_abundance,0.7324,0.7172,0.0152,0.3825,False
abundance_t2d,TabPFN,remove_features,k=159 / highest_abundance,0.7324,0.7161,0.0163,0.3629,False
abundance_t2d,TabPFN,remove_features,k=191 / highest_abundance,0.7324,0.7234,0.009,0.6126,False
abundance_t2d,TabPFN,remove_features,k=222 / highest_abundance,0.7324,0.7407,-0.0083,0.6585,False
abundance_t2d,TabPFN,remove_features,k=254 / highest_abundance,0.7324,0.7363,-0.0039,0.832,False
abundance_t2d,TabPFN,remove_features,k=286 / highest_abundance,0.7324,0.7406,-0.0082,0.6632,False
abundance_t2d,TabPFN,remove_features,k=32 / highest_abundance,0.7324,0.7142,0.0182,0.1754,False
abundance_t2d,TabPFN,remove_features,k=64 / highest_abundance,0.7324,0.7011,0.0312,0.0247,True
abundance_t2d,TabPFN,remove_features,k=96 / highest_abundance,0.7324,0.7204,0.012,0.4721,False
abundance_t2d,TabPFN,sparsity,0.856,0.7324,0.7182,0.0142,0.3456,False
abundance_t2d,TabPFN,sparsity,0.883,0.7324,0.7128,0.0196,0.2436,False
abundance_t2d,TabPFN,sparsity,0.91,0.7324,0.7093,0.0231,0.194,False
abundance_t2d,TabPFN,sparsity,0.937,0.7324,0.7097,0.0227,0.2268,False
abundance_t2d,TabPFN,sparsity,0.963,0.7324,0.7084,0.024,0.2205,False
abundance_t2d,XGBoost,densification,0.147,0.6928,0.6105,0.0823,0.0023,True
abundance_t2d,XGBoost,densification,0.283,0.6928,0.6411,0.0517,0.0288,True
abundance_t2d,XGBoost,densification,0.42,0.6928,0.6431,0.0497,0.0197,True
abundance_t2d,XGBoost,densification,0.556,0.6928,0.6646,0.0282,0.1133,False
abundance_t2d,XGBoost,densification,0.693,0.6928,0.6785,0.0143,0.268,False
abundance_t2d,XGBoost,remove_features,k=1 / highest_abundance,0.6928,0.6865,0.0063,0.6423,False
abundance_t2d,XGBoost,remove_features,k=127 / highest_abundance,0.6928,0.7045,-0.0117,0.6231,False
abundance_t2d,XGBoost,remove_features,k=159 / highest_abundance,0.6928,0.7017,-0.0089,0.7106,False
abundance_t2d,XGBoost,remove_features,k=191 / highest_abundance,0.6928,0.6891,0.0037,0.882,False
abundance_t2d,XGBoost,remove_features,k=222 / highest_abundance,0.6928,0.703,-0.0102,0.674,False
abundance_t2d,XGBoost,remove_features,k=254 / highest_abundance,0.6928,0.6972,-0.0044,0.867,False
abundance_t2d,XGBoost,remove_features,k=286 / highest_abundance,0.6928,0.6889,0.0039,0.8815,False
abundance_t2d,XGBoost,remove_features,k=32 / highest_abundance,0.6928,0.6897,0.0031,0.8729,False
abundance_t2d,XGBoost,remove_features,k=64 / highest_abundance,0.6928,0.6986,-0.0058,0.7922,False
abundance_t2d,XGBoost,remove_features,k=96 / highest_abundance,0.6928,0.6833,0.0095,0.6794,False
abundance_t2d,XGBoost,sparsity,0.856,0.6928,0.6794,0.0134,0.4893,False
abundance_t2d,XGBoost,sparsity,0.883,0.6928,0.6778,0.015,0.4822,False
abundance_t2d,XGBoost,sparsity,0.91,0.6928,0.6584,0.0344,0.152,False
abundance_t2d,XGBoost,sparsity,0.937,0.6928,0.6591,0.0337,0.1789,False
abundance_t2d,XGBoost,sparsity,0.963,0.6928,0.6659,0.0269,0.2801,False
